David,SMITH
John,JOHNSON
Paul,WILLIAMS
Mark,BROWN
James,JONES
Andrew,MILLER
Scott,DAVIS
Steven,GARCIA
Robert,RODRIGUEZ
Stephen,WILSON
William,MARTINEZ
Craig,ANDERSON
Michael,TAYLOR
Stuart,THOMAS
Christopher,HERNANDEZ
Alan,MOORE
Colin,MARTIN
Brian,JACKSON
Kevin,THOMPSON
Gary,WHITE
Richard,LOPEZ
Derek,LEE
Martin,GONZALEZ
Thomas,HARRIS
Neil,CLARK
Barry,LEWIS
Ian,ROBINSON
Jason,WALKER
Iain,PEREZ
Gordon,HALL
Alexander,YOUNG
Graeme,ALLEN
Peter,SANCHEZ
Darren,WRIGHT
Graham,KING
George,SCOTT
Kenneth,GREEN
Allan,BAKER
Simon,ADAMS
Douglas,NELSON
Keith,HILL
Lee,RAMIREZ
Anthony,CAMPBELL
Grant,MITCHELL
Ross,ROBERTS
Jonathan,CARTER
Gavin,PHILLIPS
Nicholas,EVANS
Joseph,TURNER
Stewart,TORRES
Daniel,PARKER
Edward,COLLINS
Matthew,EDWARDS
Donald,STEWART
Fraser,FLORES
Garry,MORRIS
Malcolm,NGUYEN
Charles,MURPHY
Duncan,RIVERA
Alistair,COOK
Raymond,ROGERS
Philip,MORGAN
Ronald,PETERSON
Ewan,COOPER
Ryan,REED
Francis,BAILEY
Bruce,BELL
Patrick,GOMEZ
Alastair,KELLY
Bryan,HOWARD
Marc,WARD
Jamie,COX
Hugh,DIAZ
Euan,RICHARDSON
Gerard,WOOD
Sean,WATSON
Wayne,BROOKS
Adam,BENNETT
Calum,GRAY
Alasdair,JAMES
Robin,REYES
Greig,CRUZ
Angus,HUGHES
Russell,PRICE
Cameron,MYERS
Roderick,LONG
Norman,FOSTER
Murray,SANDERS
Gareth,ROSS
Dean,MORALES
Eric,POWELL
Adrian,SULLIVAN
Gregor,RUSSELL
Samuel,ORTIZ
Gerald,JENKINS
Henry,GUTIERREZ
Justin,PERRY
Benjamin,BUTLER
Shaun,BARNES
Callum,FISHER
Campbell,HENDERSON
Frank,SMITH
Roy,JOHNSON
Timothy,WILLIAMS
David,BROWN
John,JONES
Paul,MILLER
James,DAVIS
Mark,GARCIA
Scott,RODRIGUEZ
Andrew,WILSON
Steven,MARTINEZ
Robert,ANDERSON
Stephen,TAYLOR
Craig,THOMAS
Christopher,HERNANDEZ
Alan,MOORE
Michael,MARTIN
Stuart,JACKSON
William,THOMPSON
Kevin,WHITE
Colin,LOPEZ
Brian,LEE
Derek,GONZALEZ
Neil,HARRIS
Richard,CLARK
Gary,LEWIS
Barry,ROBINSON
Martin,WALKER
Thomas,PEREZ
Ian,HALL
Gordon,YOUNG
Kenneth,ALLEN
Alexander,SANCHEZ
Graeme,WRIGHT
Peter,KING
Iain,SCOTT
Graham,GREEN
Jason,BAKER
George,ADAMS
Allan,NELSON
Keith,HILL
Darren,RAMIREZ
Simon,CAMPBELL
Douglas,MITCHELL
Ross,ROBERTS
Stewart,CARTER
Lee,PHILLIPS
Grant,EVANS
Nicholas,TURNER
Joseph,TORRES
Gavin,PARKER
Anthony,COLLINS
Jonathan,EDWARDS
Daniel,STEWART
Fraser,FLORES
Matthew,MORRIS
Donald,NGUYEN
Malcolm,MURPHY
Alistair,RIVERA
Edward,COOK
Raymond,ROGERS
Charles,MORGAN
Philip,PETERSON
Bruce,COOPER
Garry,REED
Jamie,BAILEY
Ryan,BELL
Bryan,GOMEZ
Francis,KELLY
Alastair,HOWARD
Duncan,WARD
Patrick,COX
Ronald,DIAZ
Alasdair,RICHARDSON
Ewan,WOOD
Marc,WATSON
Wayne,BROOKS
Hugh,BENNETT
Robin,GRAY
Sean,JAMES
Calum,REYES
Euan,CRUZ
Adam,HUGHES
Russell,PRICE
Cameron,MYERS
Gerard,LONG
Murray,FOSTER
Norman,SANDERS
Angus,ROSS
Greig,MORALES
Justin,POWELL
Gregor,SULLIVAN
Gerald,RUSSELL
Roderick,ORTIZ
Roy,JENKINS
Benjamin,GUTIERREZ
Timothy,PERRY
Dean,BUTLER
Samuel,BARNES
Greg,FISHER
Shaun,HENDERSON
Adrian,SMITH
Campbell,JOHNSON
David,WILLIAMS
John,BROWN
Paul,JONES
James,MILLER
Andrew,DAVIS
Steven,GARCIA
Scott,RODRIGUEZ
Mark,WILSON
Robert,MARTINEZ
Stephen,ANDERSON
Craig,TAYLOR
Christopher,THOMAS
Stuart,HERNANDEZ
Alan,MOORE
William,MARTIN
Michael,JACKSON
Kevin,THOMPSON
Colin,WHITE
Brian,LOPEZ
Derek,LEE
Neil,GONZALEZ
Richard,HARRIS
Martin,CLARK
Gary,LEWIS
Ross,ROBINSON
Thomas,WALKER
Ian,PEREZ
Iain,HALL
Barry,YOUNG
Gordon,ALLEN
Graeme,SANCHEZ
Graham,WRIGHT
Alexander,KING
Nicola,SMITH
Karen,JOHNSON
Fiona,WILLIAMS
Susan,BROWN
Claire,JONES
Sharon,MILLER
Angela,DAVIS
Gillian,GARCIA
Julie,RODRIGUEZ
Michelle,WILSON
Jacqueline,MARTINEZ
Amanda,ANDERSON
Tracy,TAYLOR
Louise,THOMAS
Jennifer,HERNANDEZ
Alison,MOORE
Sarah,MARTIN
Donna,JACKSON
Caroline,THOMPSON
Elaine,WHITE
Lynn,LOPEZ
Margaret,LEE
Elizabeth,GONZALEZ
Lesley,HARRIS
Deborah,CLARK
Pauline,LEWIS
Lorraine,ROBINSON
Laura,WALKER
Lisa,PEREZ
Tracey,HALL
Carol,YOUNG
Linda,ALLEN
Lorna,SANCHEZ
Catherine,WRIGHT
Wendy,KING
Lynne,SCOTT
Yvonne,GREEN
Pamela,BAKER
Kirsty,ADAMS
Jane,NELSON
Emma,HILL
Joanne,RAMIREZ
Heather,CAMPBELL
Suzanne,MITCHELL
Anne,ROBERTS
Diane,CARTER
Helen,PHILLIPS
Victoria,EVANS
Dawn,TURNER
Mary,TORRES
Samantha,PARKER
Marie,COLLINS
Kerry,EDWARDS
Ann,STEWART
Hazel,FLORES
Christine,MORRIS
Gail,NGUYEN
Andrea,MURPHY
Clare,RIVERA
Sandra,COOK
Shona,ROGERS
Kathleen,MORGAN
Paula,PETERSON
Shirley,COOPER
Denise,REED
Melanie,BAILEY
Patricia,BELL
Audrey,GOMEZ
Ruth,KELLY
Jill,HOWARD
Lee,WARD
Leigh,COX
Catriona,DIAZ
Rachel,RICHARDSON
Morag,WOOD
Kirsten,WATSON
Kirsteen,BROOKS
Katrina,BENNETT
Joanna,GRAY
Lynsey,JAMES
Cheryl,REYES
Debbie,CRUZ
Maureen,HUGHES
Janet,PRICE
Aileen,MYERS
Arlene,LONG
Zoe,FOSTER
Lindsay,SANDERS
Stephanie,ROSS
Judith,MORALES
Mandy,POWELL
Jillian,SULLIVAN
Mhairi,RUSSELL
Barbara,ORTIZ
Carolyn,JENKINS
Gayle,GUTIERREZ
Maria,PERRY
Valerie,BUTLER
Christina,BARNES
Marion,FISHER
Nicola,HENDERSON
Karen,SMITH
Susan,JOHNSON
Claire,WILLIAMS
Fiona,BROWN
Angela,JONES
Sharon,MILLER
Gillian,DAVIS
Julie,GARCIA
Jennifer,RODRIGUEZ
Michelle,WILSON
Louise,MARTINEZ
Lisa,ANDERSON
Amanda,TAYLOR
Donna,THOMAS
Tracy,HERNANDEZ
Alison,MOORE
Elaine,MARTIN
Jacqueline,JACKSON
Sarah,THOMPSON
Caroline,WHITE
Elizabeth,LOPEZ
Laura,LEE
Lynn,GONZALEZ
Deborah,HARRIS
Lesley,CLARK
Margaret,LEWIS
Joanne,ROBINSON
Pauline,WALKER
Lorraine,PEREZ
Carol,HALL
Kirsty,YOUNG
Yvonne,ALLEN
Lorna,SANCHEZ
Emma,WRIGHT
Lynne,KING
Tracey,SCOTT
Heather,GREEN
Catherine,BAKER
Pamela,ADAMS
Helen,NELSON
Linda,HILL
Jane,RAMIREZ
Anne,CAMPBELL
Kerry,MITCHELL
Suzanne,ROBERTS
Wendy,CARTER
Victoria,PHILLIPS
Diane,EVANS
Mary,TURNER
Dawn,TORRES
Clare,PARKER
Gail,COLLINS
Paula,EDWARDS
Ann,STEWART
Shona,FLORES
Hazel,MORRIS
Christine,NGUYEN
Andrea,MURPHY
Samantha,RIVERA
Marie,COOK
Lynsey,ROGERS
Sandra,MORGAN
Denise,PETERSON
Lee,COOPER
Kelly,REED
Gayle,BAILEY
Debbie,BELL
Jill,GOMEZ
Kathleen,KELLY
Patricia,HOWARD
Joanna,WARD
Catriona,COX
Shirley,DIAZ
Ruth,RICHARDSON
Zoe,WOOD
Leigh,WATSON
Rachel,BROOKS
Melanie,BENNETT
Kirsteen,GRAY
Aileen,JAMES
Christina,REYES
Janet,CRUZ
Katrina,HUGHES
Stephanie,PRICE
Audrey,MYERS
Kirsten,LONG
Arlene,FOSTER
Maureen,SANDERS
Morag,ROSS
Marion,MORALES
Mhairi,POWELL
Allison,SULLIVAN
Cheryl,RUSSELL
Maria,ORTIZ
Kim,JENKINS
Anna,GUTIERREZ
Lindsay,PERRY
Rebecca,BUTLER
Katherine,BARNES
Mandy,FISHER
Nicola,HENDERSON
Karen,SMITH
Claire,JOHNSON
Angela,WILLIAMS
Fiona,BROWN
Susan,JONES
Jennifer,MILLER
Julie,DAVIS
Gillian,GARCIA
Michelle,RODRIGUEZ
Sharon,WILSON
Sarah,MARTINEZ
Louise,ANDERSON
Donna,TAYLOR
Laura,THOMAS
Amanda,HERNANDEZ
Alison,MOORE
Lisa,MARTIN
Caroline,JACKSON
Kirsty,THOMPSON